{
    "loss": 0.7303709983825684,
    "accuracy": 0.8620689511299133
}